Key,Value
개수,30
결측값,0
결측률,0.0
고유값수,21
범위,28.0
분산,70.03333333333333
분위수_10%,3.9000000000000004
분위수_25%,8.25
분위수_50%,15.0
분위수_75%,22.75
분위수_90%,23.500000000000007
왜도,0.0010147848077503106
중앙값,15.0
첨도,-1.1041274385443147
최대값,29.0
최소값,1.0
평균,14.966666666666667
표준편차,8.368592075930893
히스토그램,
  구간,"[1.0, 3.8, 6.6, 9.399999999999999, 12.2, 15.0, 17.799999999999997, 20.599999999999998, 23.4, 26.2, 29.0]"
  빈도,"[3, 3, 4, 2, 2, 3, 4, 6, 0, 3]"
